Date,AAPL,PG,S&P500
2019-01-02,37.53881072998047,76.45462799072266,2510.030029296875
2019-01-03,33.7996826171875,75.9185791015625,2447.889892578125
2019-01-04,35.24256134033203,77.4681167602539,2531.93994140625
2019-01-07,35.16410446166992,77.15819549560547,2549.68994140625
2019-01-08,35.83445358276367,77.44297790527344,2574.409912109375
2019-01-09,36.44298553466797,76.17822265625,2584.9599609375
2019-01-10,36.5594596862793,76.36249542236328,2596.639892578125
2019-01-11,36.20052337646485,76.86506652832031,2596.260009765625
2019-01-14,35.65616226196289,76.34574127197266,2582.610107421875
2019-01-15,36.38593673706055,77.06610107421875,2610.300048828125
2019-01-16,36.83045959472656,76.52999877929688,2616.10009765625
2019-01-17,37.04914474487305,76.51905822753906,2635.9599609375
2019-01-18,37.27733612060547,77.17750549316406,2670.7099609375
2019-01-22,36.44060516357422,76.3501968383789,2632.89990234375
2019-01-23,36.58799362182617,80.0647201538086,2638.699951171875
2019-01-24,36.2979850769043,79.60887145996094,2642.330078125
2019-01-25,37.50078201293945,79.01789855957031,2664.760009765625
2019-01-28,37.15373611450195,78.95036315917969,2643.85009765625
2019-01-29,36.76864242553711,78.96724700927734,2640.0
2019-01-30,39.28121566772461,79.79456329345703,2681.050048828125
2019-01-31,39.56409454345703,81.44075775146484,2704.10009765625
2019-02-01,39.58311462402344,82.28499603271484,2706.530029296875
2019-02-04,40.70746994018555,82.75774383544922,2724.8701171875
2019-02-05,41.40394592285156,82.2596664428711,2737.699951171875
2019-02-06,41.418212890625,82.66487121582031,2731.610107421875
2019-02-07,40.63377380371094,82.00639343261719,2706.050048828125
2019-02-08,40.68151473999024,82.48760986328125,2707.8798828125
2019-02-11,40.44755935668945,82.96035766601562,2709.800048828125
2019-02-12,40.79610443115234,83.79611206054688,2744.72998046875
2019-02-13,40.626609802246094,83.77921295166016,2753.030029296875
2019-02-14,40.77463150024414,83.12075805664062,2745.72998046875
2019-02-15,40.68390655517578,83.13761138916016,2775.60009765625
2019-02-19,40.80564880371094,84.41241455078125,2779.760009765625
2019-02-20,41.06825256347656,83.81298065185547,2784.699951171875
2019-02-21,40.836692810058594,84.23511505126953,2774.8798828125
2019-02-22,41.29265975952149,84.63188171386719,2792.669921875
2019-02-25,41.59345626831055,84.05782318115234,2796.110107421875
2019-02-26,41.61734008789063,84.27731323242188,2793.89990234375
2019-02-27,41.74624252319336,83.50064849853516,2792.3798828125
2019-02-28,41.33562088012695,83.19672393798828,2784.489990234375
2019-03-01,41.77011489868164,83.1038818359375,2803.68994140625
2019-03-04,41.980201721191406,83.46686553955078,2792.81005859375
2019-03-05,41.903804779052734,83.65259552001953,2789.64990234375
2019-03-06,41.662689208984375,83.51752471923828,2771.449951171875
2019-03-07,41.18046188354492,83.19672393798828,2748.929931640625
2019-03-08,41.2783432006836,83.07854461669922,2743.070068359375
2019-03-11,42.70829772949219,84.0662612915039,2783.300048828125
2019-03-12,43.18815994262695,84.46304321289062,2791.52001953125
2019-03-13,43.37914276123047,85.4169921875,2810.919921875
2019-03-14,43.86137008666992,85.5351791381836,2808.47998046875
2019-03-15,44.431915283203125,86.48072052001953,2822.47998046875
2019-03-18,44.8855094909668,85.6955795288086,2832.93994140625
2019-03-19,44.52981185913086,86.02481079101562,2832.570068359375
2019-03-20,44.918941497802734,85.87287902832031,2824.22998046875
2019-03-21,46.57330703735352,86.52291870117188,2854.8798828125
2019-03-22,45.60886001586914,85.82220458984375,2800.7099609375
2019-03-25,45.05738830566406,86.07549285888672,2798.360107421875
2019-03-26,44.59186172485352,86.97034454345703,2818.4599609375
2019-03-27,44.99293899536133,86.86902618408203,2805.3701171875
2019-03-28,45.05260848999024,87.41776275634766,2815.43994140625
2019-03-29,45.34625244140625,87.83987426757812,2834.39990234375
2019-04-01,45.65420913696289,87.49375915527344,2867.18994140625
2019-04-02,46.31787490844727,87.58660888671875,2867.239990234375
2019-04-03,46.63538360595703,87.53597259521484,2873.39990234375
2019-04-04,46.716529846191406,87.31647491455078,2879.389892578125
2019-04-05,47.029273986816406,87.5021743774414,2892.739990234375
2019-04-08,47.76933670043945,88.6165542602539,2895.77001953125
2019-04-09,47.6260986328125,88.35484313964844,2878.199951171875
2019-04-10,47.893463134765625,88.34640502929688,2888.2099609375
2019-04-11,47.49479675292969,88.43083190917969,2888.320068359375
2019-04-12,47.47570037841797,88.69253540039062,2907.409912109375
2019-04-15,47.56163787841797,89.25814819335938,2905.580078125
2019-04-16,47.56641006469727,89.84065246582031,2907.06005859375
2019-04-17,48.49267578125,89.99028015136719,2900.449951171875
2019-04-18,48.66695022583008,90.16029357910156,2905.030029296875
2019-04-22,48.826904296875,90.12632751464844,2907.969970703125
2019-04-23,49.53114318847656,87.70333862304688,2933.679931640625
2019-04-24,49.45474624633789,88.15392303466797,2927.25
2019-04-25,49.00593948364258,87.80534362792969,2926.169921875
2019-04-26,48.77199172973633,89.99877166748047,2939.8798828125
2019-04-29,48.84598922729492,89.0805892944336,2943.030029296875
2019-04-30,47.9054069519043,90.5259017944336,2945.830078125
2019-05-01,50.25687789916992,89.2081298828125,2923.72998046875
2019-05-02,49.92982482910156,89.74374389648438,2917.52001953125
2019-05-03,50.55050277709961,90.18582153320312,2945.639892578125
2019-05-06,49.76986312866211,89.84575653076172,2932.469970703125
2019-05-07,48.42823028564453,89.01258850097656,2884.050048828125
2019-05-08,48.43776321411133,89.32714080810547,2879.419921875
2019-05-09,47.91733932495117,88.62151336669922,2870.719970703125
2019-05-10,47.253517150878906,90.12632751464844,2881.39990234375
2019-05-13,44.50717544555664,90.21133422851562,2811.8701171875
2019-05-14,45.21173477172852,89.77771759033203,2834.409912109375
2019-05-15,45.75334167480469,90.71292114257812,2850.9599609375
2019-05-16,45.552032470703125,91.9116668701172,2876.320068359375
2019-05-17,45.29320907592773,91.35055541992188,2859.530029296875
2019-05-20,43.876895904541016,91.24852752685548,2840.22998046875
2019-05-21,44.71806335449219,90.43236541748048,2864.360107421875
2019-05-22,43.802616119384766,90.7299346923828,2856.27001953125
2019-05-23,43.0549201965332,90.76394653320312,2822.239990234375
2019-05-24,42.88956069946289,90.70442962646484,2826.06005859375
2019-05-28,42.71222686767578,88.80856323242188,2802.389892578125
2019-05-29,42.508522033691406,88.57898712158203,2783.02001953125
2019-05-30,42.7289924621582,89.54820251464844,2788.860107421875
2019-05-31,41.95493316650391,87.49077606201172,2752.06005859375
2019-06-03,41.53075408935547,88.2474136352539,2744.449951171875
2019-06-04,43.05012130737305,88.99559020996094,2803.27001953125
2019-06-05,43.745094299316406,90.73843383789062,2826.14990234375
2019-06-06,44.38734817504883,91.29103088378906,2843.489990234375
2019-06-07,45.56879425048828,92.47274780273438,2873.340087890625
2019-06-10,46.15115737915039,92.4302749633789,2886.72998046875
2019-06-11,46.68556213378906,92.99136352539062,2885.719970703125
2019-06-12,46.53698348999024,93.24641418457033,2879.840087890625
2019-06-13,46.52739334106445,94.2921371459961,2891.639892578125
2019-06-14,46.18949890136719,94.53868865966795,2886.97998046875
2019-06-17,46.465087890625,94.36013793945312,2889.669921875
2019-06-18,47.557865142822266,93.1784210205078,2917.75
2019-06-19,47.41887283325195,93.87555694580078,2926.4599609375
2019-06-20,47.7999267578125,94.9977798461914,2954.179931640625
2019-06-21,47.6369514465332,94.53868865966795,2950.4599609375
2019-06-24,47.58902740478516,95.49937438964844,2945.35009765625
2019-06-25,46.86769485473633,94.98077392578124,2917.3798828125
2019-06-26,47.88140487670898,93.28894805908205,2913.780029296875
2019-06-27,47.86702346801758,93.3314437866211,2924.919921875
2019-06-28,47.43086242675781,93.22090911865234,2941.760009765625
2019-07-01,48.300777435302734,93.93506622314452,2964.330078125
2019-07-02,48.58357238769531,94.7767333984375,2973.010009765625
2019-07-03,48.986175537109375,96.98715209960938,2995.820068359375
2019-07-05,48.94301986694336,96.19652557373048,2990.409912109375
2019-07-08,47.93410873413086,96.96165466308594,2975.949951171875
2019-07-09,48.22649002075195,95.99246978759766,2979.6298828125
2019-07-10,48.703399658203125,96.70661163330078,2993.070068359375
2019-07-11,48.34871292114258,97.24221801757812,2999.909912109375
2019-07-12,48.72016525268555,97.76083374023438,3013.77001953125
2019-07-15,49.17788696289063,98.17740631103516,3014.300048828125
2019-07-16,49.00774765014648,98.52596282958984,3004.0400390625
2019-07-17,48.73213577270508,98.5684585571289,2984.419921875
2019-07-18,49.28572845458984,98.77896118164062,2995.110107421875
2019-07-19,48.55001449584961,98.41104125976562,2976.610107421875
2019-07-22,49.65958404541016,98.65917205810548,2985.030029296875
2019-07-23,50.04780578613281,97.41844940185548,3005.469970703125
2019-07-24,50.00706481933594,96.3488540649414,3019.56005859375
2019-07-25,49.61164093017578,96.49435424804688,3003.669921875
2019-07-26,49.7841911315918,98.17146301269533,3025.860107421875
2019-07-29,50.24910354614258,99.25814819335938,3020.969970703125
2019-07-30,50.03342056274414,103.03167724609376,3013.179931640625
2019-07-31,51.054325103759766,101.00372314453124,2980.3798828125
2019-08-01,49.94954681396485,99.88279724121094,2953.56005859375
2019-08-02,48.8927001953125,99.63465118408205,2932.050048828125
2019-08-05,46.33327865600586,96.75959777832033,2844.739990234375
2019-08-06,47.21038818359375,97.78638458251952,2881.77001953125
2019-08-07,47.699256896972656,98.84742736816406,2883.97998046875
2019-08-08,48.75131988525391,100.49031066894533,2938.090087890625
2019-08-09,48.349586486816406,99.9255828857422,2918.64990234375
2019-08-12,48.22688674926758,99.28382873535156,2882.699951171875
2019-08-13,50.26923370361328,100.3277359008789,2926.320068359375
2019-08-14,48.77296829223633,99.07845306396484,2840.60009765625
2019-08-15,48.52999877929688,100.44754028320312,2847.60009765625
2019-08-16,49.675048828125,101.9792022705078,2888.679931640625
2019-08-19,50.6011962890625,102.88619995117188,2923.64990234375
2019-08-20,50.603607177734375,101.7396011352539,2900.510009765625
2019-08-21,51.152076721191406,101.99629974365234,2924.429931640625
2019-08-22,51.1087760925293,102.18453216552734,2922.949951171875
2019-08-23,48.74651336669922,100.38763427734376,2847.110107421875
2019-08-26,49.67264938354492,102.09899139404295,2878.3798828125
2019-08-27,49.112152099609375,103.1514663696289,2869.159912109375
2019-08-28,49.44172286987305,103.8787841796875,2887.93994140625
2019-08-29,50.27885437011719,103.6905517578125,2924.580078125
2019-08-30,50.213905334472656,102.8776626586914,2926.4599609375
2019-09-03,49.482608795166016,103.84455871582033,2906.27001953125
2019-09-04,50.32215118408203,105.42757415771484,2937.780029296875
2019-09-05,51.3060188293457,105.04249572753906,2976.0
2019-09-06,51.30122375488281,105.13662719726562,2978.7099609375
2019-09-09,51.520118713378906,104.53765106201172,2978.429931640625
2019-09-10,52.12873840332031,102.57816314697266,2979.389892578125
2019-09-11,53.78617477416992,103.76756286621094,3000.929931640625
2019-09-12,53.665897369384766,105.05105590820312,3009.570068359375
2019-09-13,52.62186813354492,104.494873046875,3007.389892578125
2019-09-16,52.89851760864258,102.46692657470705,2997.9599609375
2019-09-17,53.09096145629883,103.67343139648438,3005.699951171875
2019-09-18,53.58892059326172,103.8873519897461,3006.72998046875
2019-09-19,53.15351104736328,104.3066177368164,3006.7900390625
2019-09-20,52.37651062011719,104.59754943847656,2992.070068359375
2019-09-23,52.61466217041016,105.43611907958984,2991.780029296875
2019-09-24,52.36448287963867,105.7698211669922,2966.60009765625
2019-09-25,53.17034530639648,105.26497650146484,2984.8701171875
2019-09-26,52.8961067199707,106.36880493164062,2977.6201171875
2019-09-27,52.63871383666992,106.59127807617188,2961.7900390625
2019-09-30,53.87759017944336,106.4286880493164,2976.739990234375
2019-10-01,54.0267219543457,105.97517395019533,2940.25
2019-10-02,52.672401428222656,103.6049575805664,2887.610107421875
2019-10-03,53.11983108520508,104.16973114013672,2910.6298828125
2019-10-04,54.60888671875,106.10354614257812,2952.010009765625
2019-10-07,54.62090301513672,105.11094665527344,2938.7900390625
2019-10-08,53.98102951049805,103.47663116455078,2893.06005859375
2019-10-09,54.61369705200195,104.37508392333984,2919.39990234375
2019-10-10,55.349796295166016,104.3408660888672,2938.1298828125
2019-10-11,56.82200241088867,103.61351776123048,2970.27001953125
2019-10-14,56.740211486816406,102.72362518310548,2966.14990234375
2019-10-15,56.60791397094727,100.28496551513672,2995.679931640625
2019-10-16,56.37937927246094,100.56732177734376,2989.68994140625
2019-10-17,56.59829711914063,100.43470001220705,2997.949951171875
2019-10-18,56.87012100219727,101.1580810546875,2986.199951171875
2019-10-21,57.85641479492188,102.54450988769533,3006.719970703125
2019-10-22,57.72410583496094,105.21405792236328,2995.989990234375
2019-10-23,58.498680114746094,105.92018127441406,3004.52001953125
2019-10-24,58.59491729736328,107.46160888671876,3010.2900390625
2019-10-25,59.316593170166016,106.1354751586914,3022.550048828125
2019-10-28,59.910762786865234,106.33352661132812,3039.419921875
2019-10-29,58.52515411376953,106.43684387207033,3036.889892578125
2019-10-30,58.51793670654297,107.5907745361328,3046.77001953125
2019-10-31,59.84099197387695,107.2205047607422,3037.56005859375
2019-11-01,61.53934097290039,106.66937255859376,3066.909912109375
2019-11-04,61.9434700012207,102.53590393066406,3078.27001953125
2019-11-05,61.85446548461914,102.3895034790039,3074.6201171875
2019-11-06,61.88092422485352,103.61231994628906,3076.780029296875
2019-11-07,62.5951042175293,103.00951385498048,3085.179931640625
2019-11-08,62.76641082763672,103.0784149169922,3093.080078125
2019-11-11,63.26346206665039,102.75979614257812,3087.010009765625
2019-11-12,63.20553207397461,102.70812225341795,3091.840087890625
2019-11-13,63.8111572265625,103.8965072631836,3094.0400390625
2019-11-14,63.36961364746094,103.767333984375,3096.6298828125
2019-11-15,64.12239074707031,103.80176544189452,3120.4599609375
2019-11-18,64.44573211669922,104.96429443359376,3122.030029296875
2019-11-19,64.25029754638672,104.55957794189452,3120.179931640625
2019-11-20,63.5023078918457,105.30875396728516,3108.4599609375
2019-11-21,63.21761322021485,103.6295394897461,3103.5400390625
2019-11-22,63.16211700439453,103.58647918701172,3110.2900390625
2019-11-25,64.26959228515625,103.77593994140624,3133.639892578125
2019-11-26,63.7677116394043,105.28292083740234,3140.52001953125
2019-11-27,64.62425994873047,104.8523406982422,3153.6298828125
2019-11-29,64.48192596435547,105.1106948852539,3140.97998046875
2019-12-02,63.73636245727539,105.67904663085938,3113.8701171875
2019-12-03,62.59993743896485,105.87711334228516,3093.199951171875
2019-12-04,63.152462005615234,107.23771667480467,3112.760009765625
2019-12-05,64.07897186279297,107.3152084350586,3117.429931640625
2019-12-06,65.31674194335938,106.94493103027344,3145.909912109375
2019-12-09,64.40229797363281,107.53050231933594,3135.9599609375
2019-12-10,64.7786865234375,107.01382446289062,3132.52001953125
2019-12-11,65.33121490478516,107.34969329833984,3141.6298828125
2019-12-12,65.49769592285156,107.27215576171876,3168.570068359375
2019-12-13,66.38800048828125,108.04718017578124,3168.800048828125
2019-12-16,67.5244369506836,108.12469482421876,3191.449951171875
2019-12-17,67.65714263916016,107.90940856933594,3192.52001953125
2019-12-18,67.49549102783203,106.78992462158205,3191.139892578125
2019-12-19,67.56304168701172,107.57355499267578,3205.3701171875
2019-12-20,67.42310333251953,107.95245361328124,3221.219970703125
2019-12-23,68.52334594726562,107.55633544921876,3224.010009765625
2019-12-24,68.5884780883789,107.83190155029295,3223.3798828125
2019-12-26,69.94930267333984,107.83190155029295,3239.909912109375
2019-12-27,69.9227523803711,108.5811004638672,3240.02001953125
2019-12-30,70.3377685546875,107.18605041503906,3221.2900390625
2019-12-31,70.85167694091797,107.55633544921876,3230.780029296875
2020-01-02,72.46826171875,106.2732391357422,3257.85009765625
2020-01-03,71.76372528076172,105.55850982666016,3234.85009765625
2020-01-06,72.3355484008789,105.70489501953124,3246.280029296875
2020-01-07,71.995361328125,105.0504379272461,3237.179931640625
2020-01-08,73.15348815917969,105.49822235107422,3253.050048828125
2020-01-09,74.70733642578125,106.65213775634766,3274.699951171875
2020-01-10,74.87622833251953,106.75547790527344,3265.35009765625
2020-01-13,76.47591400146484,107.5391082763672,3288.1298828125
2020-01-14,75.44324493408203,107.3755111694336,3283.14990234375
2020-01-15,75.11993408203125,108.4691390991211,3289.2900390625
2020-01-16,76.06092071533203,108.56385040283205,3316.81005859375
2020-01-17,76.9029769897461,108.85667419433594,3329.6201171875
2020-01-21,76.3818130493164,108.5811004638672,3320.7900390625
2020-01-22,76.65444946289062,108.77054595947266,3321.75
2020-01-23,77.02361297607422,108.27333068847656,3325.5400390625
2020-01-24,76.80165100097656,108.40325164794922,3295.469970703125
2020-01-27,74.54325103759766,108.8796844482422,3243.6298828125
2020-01-28,76.65204620361328,109.17422485351562,3276.239990234375
2020-01-29,78.25655364990234,108.33395385742188,3273.39990234375
2020-01-30,78.1431655883789,109.10490417480467,3283.659912109375
2020-01-31,74.67837524414062,107.95280456542967,3225.52001953125
2020-02-03,74.47329711914062,108.37727355957033,3248.919921875
2020-02-04,76.93193054199219,108.8537139892578,3297.590087890625
2020-02-05,77.55926513671875,109.84989166259766,3334.68994140625
2020-02-06,78.46647644042969,110.1357650756836,3345.780029296875
2020-02-07,77.39989471435547,109.21754455566406,3327.7099609375
2020-02-10,77.76750946044922,109.29549407958984,3352.090087890625
2020-02-11,77.29829406738281,107.55432891845705,3357.75
2020-02-12,79.13396453857422,106.93927764892578,3379.449951171875
2020-02-13,78.57048034667969,108.2473373413086,3373.93994140625
2020-02-14,78.58980560302734,109.26951599121094,3380.159912109375
2020-02-18,77.15078735351562,108.16934204101562,3370.2900390625
2020-02-19,78.26814270019531,108.66311645507812,3386.14990234375
2020-02-20,77.46520233154297,109.65066528320312,3373.22998046875
2020-02-21,75.71176147460938,109.75460052490234,3337.75
2020-02-24,72.11542510986328,106.80935668945312,3225.889892578125
2020-02-25,69.6727294921875,105.1894302368164,3128.2099609375
2020-02-26,70.7779769897461,104.0893096923828,3116.389892578125
2020-02-27,66.15135192871094,98.32003784179688,2978.760009765625
2020-02-28,66.11265563964844,98.08614349365234,2954.219970703125
2020-03-02,72.26780700683594,103.56954956054688,3090.22998046875
2020-03-03,69.97262573242188,102.3654556274414,3003.3701171875
2020-03-04,73.21826171875,107.84884643554688,3130.1201171875
2020-03-05,70.84330749511719,105.36271667480467,3023.93994140625
2020-03-06,69.90250396728516,105.38868713378906,2972.3701171875
2020-03-09,64.3737564086914,100.5376434326172,2746.56005859375
2020-03-10,69.01004028320312,104.42713928222656,2882.22998046875
2020-03-11,66.61329650878906,96.6654815673828,2741.3798828125
2020-03-12,60.0349235534668,88.21949005126953,2480.639892578125
2020-03-13,67.22760772705078,98.81380462646484,2711.02001953125
2020-03-16,58.578983306884766,93.98878479003906,2386.1298828125
2020-03-17,61.15468978881836,102.42607879638672,2529.18994140625
2020-03-18,59.65763473510742,101.74175262451172,2398.10009765625
2020-03-19,59.20053863525391,96.0071258544922,2409.389892578125
2020-03-20,55.44215393066406,88.73057556152344,2304.919921875
2020-03-23,54.26433563232422,84.6332015991211,2237.39990234375
2020-03-24,59.70843124389648,89.45823669433594,2447.330078125
2020-03-25,59.3795051574707,87.42251586914062,2475.56005859375
2020-03-26,62.50421524047852,93.01854705810548,2630.070068359375
2020-03-27,59.91641616821289,95.4354019165039,2541.469970703125
2020-03-30,61.62630844116211,99.6194305419922,2626.64990234375
2020-03-31,61.50054931640625,95.28813934326172,2584.590087890625
2020-04-01,58.26456451416016,94.707763671875,2470.5
2020-04-02,59.23680877685547,99.09966278076172,2526.89990234375
2020-04-03,58.38549423217773,99.68872833251952,2488.64990234375
2020-04-06,63.4788818359375,102.0535888671875,2663.679931640625
2020-04-07,62.74365997314453,97.68767547607422,2659.409912109375
2020-04-08,64.34955596923828,99.7060317993164,2749.97998046875
2020-04-09,64.81390380859375,99.32489776611328,2789.820068359375
2020-04-13,66.0860595703125,100.4423599243164,2761.6298828125
2020-04-14,69.42362976074219,104.78231811523438,2846.06005859375
2020-04-15,68.78997802734375,105.00751495361328,2783.360107421875
2020-04-16,69.3365478515625,105.25008392333984,2799.550048828125
2020-04-17,68.39574432373047,108.01343536376952,2874.56005859375
2020-04-20,66.97607421875,104.47045135498048,2823.159912109375
2020-04-21,64.90581512451172,103.6734848022461,2736.56005859375
2020-04-22,66.77533721923828,103.43093872070312,2799.31005859375
2020-04-23,66.51654815673828,104.12073516845705,2797.800048828125
2020-04-24,68.43687438964844,103.58007049560548,2836.739990234375
2020-04-27,68.48521423339844,102.4202651977539,2878.47998046875
2020-04-28,67.37513732910156,101.9319305419922,2863.389892578125
2020-04-29,69.58808898925781,102.09761810302734,2939.510009765625
2020-04-30,71.05611419677734,102.7865219116211,2912.429931640625
2020-05-01,69.91215515136719,101.87088775634766,2830.7099609375
2020-05-04,70.90135192871094,100.95523071289062,2842.739990234375
2020-05-05,71.9654769897461,101.16455078125,2868.43994140625
2020-05-06,72.70796966552734,98.62692260742188,2848.419921875
2020-05-07,73.46011352539062,97.81592559814452,2881.18994140625
2020-05-08,75.20861053466797,101.11219787597656,2929.800048828125
2020-05-11,76.39202117919922,100.5541000366211,2930.18994140625
2020-05-12,75.5190200805664,99.891357421875,2870.1201171875
2020-05-13,74.607177734375,99.34197998046876,2820.0
2020-05-14,75.06553649902344,99.24606323242188,2852.5
2020-05-15,74.6217269897461,99.94367980957033,2863.699951171875
2020-05-18,76.37989807128906,101.33894348144533,2953.909912109375
2020-05-19,75.93856048583984,98.0513916015625,2922.93994140625
2020-05-20,77.41541290283203,98.7838897705078,2971.610107421875
2020-05-21,76.8382568359375,97.33631134033205,2948.510009765625
2020-05-22,77.33296966552734,98.1908950805664,2955.449951171875
2020-05-26,76.80915069580078,97.69384765625,2991.77001953125
2020-05-27,77.14378356933594,99.31583404541016,3036.1298828125
2020-05-28,77.17776489257812,101.20813751220705,3029.72998046875
2020-05-29,77.1025619506836,101.08602142333984,3044.31005859375
2020-06-01,78.05078887939453,102.24585723876952,3055.72998046875
2020-06-02,78.412109375,102.9521942138672,3080.820068359375
2020-06-03,78.84376525878906,103.36205291748048,3122.8701171875
2020-06-04,78.16475677490234,101.19940948486328,3112.35009765625
2020-06-05,80.39097595214844,103.18765258789062,3193.929931640625
2020-06-08,80.86627197265625,103.81550598144533,3232.389892578125
2020-06-09,83.41986083984375,103.19637298583984,3207.179931640625
2020-06-10,85.56607055664062,103.97248840332033,3190.139892578125
2020-06-11,81.45799255371094,101.38253021240234,3002.10009765625
2020-06-12,82.1612777709961,100.82445526123048,3041.31005859375
2020-06-15,83.1773681640625,101.75753021240234,3066.590087890625
2020-06-16,85.38175201416016,103.01323699951172,3124.739990234375
2020-06-17,85.2629165649414,102.83885192871094,3113.489990234375
2020-06-18,85.2968978881836,104.01605987548828,3115.340087890625
2020-06-19,84.80944061279297,103.70214080810548,3097.739990234375
2020-06-22,87.02838134765625,102.68186950683594,3117.860107421875
2020-06-23,88.88595581054688,102.66443634033205,3131.2900390625
2020-06-24,87.31696319580078,101.5220718383789,3050.330078125
2020-06-25,88.47615051269531,102.80397033691406,3083.760009765625
2020-06-26,85.75762939453125,100.4843521118164,3009.050048828125
2020-06-29,87.73406982421875,102.6033935546875,3053.239990234375
2020-06-30,88.46643829345703,104.26897430419922,3100.2900390625
2020-07-01,88.29911804199219,104.6265106201172,3115.860107421875
2020-07-02,88.29911804199219,105.41134643554688,3130.010009765625
2020-07-06,90.66111755371094,106.06536865234376,3179.719970703125
2020-07-07,90.37982940673828,106.57984161376952,3145.320068359375
2020-07-08,92.48477935791016,107.1641082763672,3169.93994140625
2020-07-09,92.88247680664062,106.8065948486328,3152.050048828125
2020-07-10,93.0449676513672,108.03614044189452,3185.0400390625
2020-07-13,92.61573791503906,108.17568969726562,3155.219970703125
2020-07-14,94.14837646484376,109.08258819580078,3197.52001953125
2020-07-15,94.7958526611328,108.56809997558594,3226.56005859375
2020-07-16,93.62940979003906,108.79483032226562,3215.570068359375
2020-07-17,93.44024658203124,109.5534896850586,3224.72998046875
2020-07-20,95.40940856933594,109.21339416503906,3251.840087890625
2020-07-21,94.09259033203124,109.06515502929688,3257.300048828125
2020-07-22,94.35694122314452,109.9982452392578,3276.02001953125
2020-07-23,90.06214141845703,110.7099151611328,3235.659912109375
2020-07-24,89.83902740478516,110.53438568115234,3215.6298828125
2020-07-27,91.96822357177734,110.85031127929688,3239.409912109375
2020-07-28,90.45742797851562,112.21925354003906,3218.43994140625
2020-07-29,92.19133758544922,112.59661102294922,3258.43994140625
2020-07-30,93.30687713623048,115.32574462890624,3246.219970703125
2020-07-31,103.07504272460938,115.0625,3271.1201171875
2020-08-03,105.67227935791016,115.2116470336914,3294.610107421875
2020-08-04,106.37799072265624,117.4054946899414,3306.510009765625
2020-08-05,106.76356506347656,117.09835052490234,3327.77001953125
2020-08-06,110.4884796142578,116.45780181884766,3349.159912109375
2020-08-07,107.97644805908205,117.19487762451172,3351.280029296875
2020-08-10,109.54584503173828,117.67755889892578,3360.469970703125
2020-08-11,106.28797912597656,116.9141082763672,3333.68994140625
2020-08-12,109.82038116455078,118.87100219726562,3380.35009765625
2020-08-13,111.76392364501952,119.1518096923828,3373.429931640625
2020-08-14,111.66433715820312,118.55508422851562,3372.85009765625
2020-08-17,111.37277221679688,118.90609741210938,3381.989990234375
2020-08-18,112.30084991455078,119.79240417480467,3389.780029296875
2020-08-19,112.44173431396484,119.1430435180664,3374.85009765625
2020-08-20,114.93677520751952,120.09078216552734,3385.510009765625
2020-08-21,120.85974884033205,120.60852813720705,3397.159912109375
2020-08-24,122.30525207519533,121.54745483398438,3431.280029296875
2020-08-25,121.30191802978516,122.0301284790039,3443.6201171875
2020-08-26,122.95149993896484,121.44219207763672,3478.72998046875
2020-08-27,121.48168182373048,121.28421783447266,3484.550048828125
2020-08-28,121.28490447998048,121.775634765625,3508.010009765625
2020-08-31,125.39793395996094,121.3895034790039,3500.31005859375
2020-09-01,130.39283752441406,121.25788879394533,3526.64990234375
2020-09-02,127.69131469726562,123.30255889892578,3580.840087890625
2020-09-03,117.46823120117188,121.3280792236328,3455.06005859375
2020-09-04,117.54598236083984,121.06488037109376,3426.9599609375
2020-09-08,109.6357421875,119.29219818115234,3331.840087890625
2020-09-09,114.00872039794922,121.23157501220705,3398.9599609375
2020-09-10,110.28683471679688,119.95913696289062,3339.18994140625
2020-09-11,108.8388900756836,121.22277069091795,3340.969970703125
2020-09-14,112.10404205322266,121.65280151367188,3383.5400390625
2020-09-15,112.27898406982422,121.65280151367188,3401.199951171875
2020-09-16,108.96521759033205,120.83667755126952,3385.489990234375
2020-09-17,107.22572326660156,120.6787109375,3357.010009765625
2020-09-18,103.8245086669922,120.54708099365234,3319.469970703125
2020-09-21,106.97308349609376,119.96790313720705,3281.06005859375
2020-09-22,108.65424346923828,121.06488037109376,3315.570068359375
2020-09-23,104.09661865234376,119.61690521240234,3236.919921875
2020-09-24,105.16558074951172,120.1521987915039,3246.590087890625
2020-09-25,109.1109848022461,120.76646423339844,3298.4599609375
2020-09-28,111.71534729003906,121.10871124267578,3351.60009765625
2020-09-29,110.86988830566406,120.45055389404295,3335.469970703125
2020-09-30,112.54135131835938,121.96869659423828,3363.0
2020-10-01,113.4936981201172,122.18807220458984,3380.800048828125
2020-10-02,109.8301010131836,121.2052230834961,3348.419921875
2020-10-05,113.21187591552734,122.31969451904295,3408.60009765625
2020-10-06,109.96614837646484,122.51277923583984,3360.969970703125
2020-10-07,111.83196258544922,123.4692840576172,3419.43994140625
2020-10-08,111.72506713867188,124.30290985107422,3446.830078125
2020-10-09,113.66860961914062,125.41739654541016,3477.139892578125
2020-10-12,120.88890838623048,126.79512786865234,3534.219970703125
2020-10-13,117.68204498291016,126.54940795898438,3511.929931640625
2020-10-14,117.76949310302734,126.40023040771484,3488.669921875
2020-10-15,117.30304718017578,126.21598052978516,3483.340087890625
2020-10-16,115.66075897216795,126.70738220214844,3483.81005859375
2020-10-19,112.70654296875,124.53109741210938,3426.919921875
2020-10-20,114.1933822631836,125.03128814697266,3443.1201171875
2020-10-21,113.5714340209961,125.70701599121094,3435.56005859375
2020-10-22,112.48302459716795,124.81661224365234,3453.489990234375
2020-10-23,111.79308319091795,125.6373062133789,3465.389892578125
2020-10-26,111.80279541015624,124.68429565429688,3400.969970703125
2020-10-27,113.30906677246094,125.61962890625,3390.679931640625
2020-10-28,108.06146240234376,121.47235107421876,3271.030029296875
2020-10-29,112.06519317626952,121.39289093017578,3310.110107421875
2020-10-30,105.78750610351562,120.97818756103516,3269.9599609375
2020-11-02,105.70002746582033,122.21356201171876,3310.239990234375
2020-11-03,107.32292175292967,124.61368560791016,3369.159912109375
2020-11-04,111.70561981201172,124.10188293457033,3443.43994140625
2020-11-05,115.67047119140624,125.6373062133789,3510.449951171875
2020-11-06,115.53905487060548,126.3873291015625,3509.43994140625
2020-11-09,113.23197174072266,121.7635269165039,3550.5
2020-11-10,112.89125061035156,123.76658630371094,3545.530029296875
2020-11-11,116.31781005859376,125.36376953125,3572.659912109375
2020-11-12,116.04524230957033,125.434326171875,3537.010009765625
2020-11-13,116.09391784667967,127.31387329101562,3585.14990234375
2020-11-16,117.10633087158205,125.68142700195312,3626.909912109375
2020-11-17,116.22047424316406,125.19610595703124,3609.530029296875
2020-11-18,114.89656829833984,123.2724151611328,3567.7900390625
2020-11-19,115.4903793334961,123.1224136352539,3581.8701171875
2020-11-20,114.22488403320312,122.91946411132812,3557.5400390625
2020-11-23,110.8275375366211,122.44297790527344,3577.590087890625
2020-11-24,112.11251831054688,122.0458984375,3635.409912109375
2020-11-25,112.94966888427734,122.3723602294922,3629.64990234375
2020-11-27,113.49478912353516,122.31062316894533,3638.35009765625
2020-11-30,115.8895034790039,122.5400619506836,3621.6298828125
2020-12-01,119.46205139160156,122.98125457763672,3662.449951171875
2020-12-02,119.81250762939452,122.09001922607422,3669.010009765625
2020-12-03,119.6762237548828,121.18993377685548,3666.719970703125
2020-12-04,119.0045394897461,121.3046646118164,3699.1201171875
2020-12-07,120.46472930908205,121.4899444580078,3691.9599609375
2020-12-08,121.0779800415039,121.81644439697266,3702.25
2020-12-09,118.54702758789062,120.36931610107422,3672.820068359375
2020-12-10,119.96826171875,119.5751495361328,3668.10009765625
2020-12-11,119.16029357910156,120.4575424194336,3663.4599609375
2020-12-14,118.54702758789062,119.87517547607422,3647.489990234375
2020-12-15,124.48507690429688,120.58106231689452,3694.6201171875
2020-12-16,124.41693878173828,121.1281967163086,3701.169921875
2020-12-17,125.28331756591795,121.99297332763672,3722.47998046875
2020-12-18,123.29747772216795,122.69001770019533,3709.409912109375
2020-12-21,124.82577514648438,121.34878540039062,3694.919921875
2020-12-22,128.37889099121094,120.4928741455078,3687.260009765625
2020-12-23,127.48332214355467,120.30754089355467,3690.010009765625
2020-12-24,128.466552734375,121.52528381347656,3703.06005859375
2020-12-28,133.06118774414062,122.3723602294922,3735.360107421875
2020-12-29,131.28955078125,122.14295196533205,3727.0400390625
2020-12-30,130.17005920410156,121.5693817138672,3732.0400390625
2020-12-31,129.1674041748047,122.77831268310548,3756.070068359375
2021-01-04,125.97445678710938,121.61349487304688,3700.64990234375
2021-01-05,127.53197479248048,122.3900146484375,3726.860107421875
2021-01-06,123.23906707763672,123.6783447265625,3748.139892578125
2021-01-07,127.4443359375,122.52240753173828,3803.7900390625
2021-01-08,128.54443359375,122.46944427490234,3824.679931640625
2021-01-11,125.55587768554688,121.64000701904295,3799.610107421875
2021-01-12,125.38064575195312,120.93402099609376,3801.18994140625
2021-01-13,127.4151611328125,121.11934661865234,3809.840087890625
2021-01-14,125.48775482177734,119.8310546875,3795.5400390625
2021-01-15,123.76471710205078,118.93099975585938,3768.25
2021-01-19,124.4364013671875,117.88973999023438,3798.909912109375
2021-01-20,128.52491760253906,116.41610717773438,3851.85009765625
2021-01-21,133.2364044189453,116.30158233642578,3853.070068359375
2021-01-22,135.37802124023438,115.40499877929688,3841.469970703125
2021-01-25,139.12583923339844,117.3935317993164,3855.360107421875
2021-01-26,139.3594207763672,118.14808654785156,3849.6201171875
2021-01-27,138.2886199951172,113.96687316894533,3750.77001953125
2021-01-28,133.4506072998047,115.72459411621094,3787.3798828125
2021-01-29,128.456787109375,113.81597900390624,3714.239990234375
2021-02-01,130.57888793945312,114.49063873291016,3773.860107421875
2021-02-02,131.40631103515625,114.33084106445312,3826.31005859375
2021-02-03,130.3842010498047,114.47286987304688,3830.169921875
2021-02-04,133.74261474609375,114.54390716552734,3871.739990234375
2021-02-05,133.32827758789062,115.02325439453124,3886.830078125
2021-02-08,133.47450256347656,114.66818237304688,3915.590087890625
2021-02-09,132.5970916748047,114.22432708740234,3911.22998046875
2021-02-10,131.99264526367188,113.8248519897461,3909.8798828125
2021-02-11,131.73916625976562,113.9224853515625,3916.3798828125
2021-02-12,131.97315979003906,113.29218292236328,3934.830078125
2021-02-16,129.84786987304688,113.55853271484376,3932.590087890625
2021-02-17,127.5568389892578,114.0378875732422,3931.330078125
2021-02-18,126.45518493652344,114.98776245117188,3913.969970703125
2021-02-19,126.61113739013672,112.8483428955078,3906.7099609375
2021-02-22,122.8382797241211,112.36897277832033,3876.5
2021-02-23,122.7018051147461,113.20342254638672,3881.3701171875
2021-02-24,122.20458221435548,113.32770538330078,3925.429931640625
2021-02-25,117.9539794921875,112.36897277832033,3829.340087890625
2021-02-26,118.21722412109376,109.66139221191406,3811.14990234375
2021-03-01,124.5833511352539,110.33605194091795,3901.820068359375
2021-03-02,121.9803466796875,109.98983764648438,3870.2900390625
2021-03-03,118.99715423583984,109.33293151855467,3819.719970703125
2021-03-04,117.1155776977539,108.43630981445312,3768.469970703125
2021-03-05,118.37320709228516,111.83633422851562,3841.93994140625
2021-03-08,113.44017791748048,113.01699829101562,3821.35009765625
2021-03-09,118.05146026611328,112.01385498046876,3875.43994140625
2021-03-10,116.96930694580078,113.04362487792967,3898.81005859375
2021-03-11,118.899658203125,112.6619110107422,3939.340087890625
2021-03-12,117.99298858642578,113.75381469726562,3943.340087890625
2021-03-15,120.87871551513672,114.12665557861328,3968.93994140625
2021-03-16,122.41905975341795,114.4640121459961,3962.7099609375
2021-03-17,121.62939453125,114.00241088867188,3974.1201171875
2021-03-18,117.50553131103516,114.2509536743164,3915.4599609375
2021-03-19,116.97908782958984,113.6384048461914,3913.10009765625
2021-03-22,120.29376983642578,115.56478881835938,3940.590087890625
2021-03-23,119.46509552001952,117.7130889892578,3910.52001953125
2021-03-24,117.07656860351562,117.67758178710938,3889.139892578125
2021-03-25,117.56403350830078,118.4942855834961,3909.52001953125
2021-03-26,118.16845703125,120.2431182861328,3974.5400390625
2021-03-29,118.3439483642578,122.1251220703125,3971.090087890625
2021-03-30,116.89134979248048,120.2431182861328,3958.550048828125
2021-03-31,119.08488464355467,120.2253875732422,3972.889892578125
2021-04-01,119.9135513305664,119.2044906616211,4019.8701171875
2021-04-05,122.74079132080078,121.13084411621094,4077.909912109375
2021-04-06,123.0430145263672,121.17523193359376,4073.93994140625
2021-04-07,124.69060516357422,121.38832092285156,4079.949951171875
2021-04-08,127.08885192871094,121.84992218017578,4097.169921875
2021-04-09,129.66261291503906,121.0598373413086,4128.7998046875
2021-04-12,127.94681549072266,121.54811096191406,4127.990234375
2021-04-13,131.0567169189453,119.94129180908205,4141.58984375
2021-04-14,128.71693420410156,120.37629699707033,4124.66015625
2021-04-15,131.125,121.83216094970705,4170.419921875
2021-04-16,130.7935028076172,121.84104919433594,4185.47021484375
2021-04-19,131.45645141601562,121.27288818359376,4163.259765625
2021-04-20,129.76988220214844,122.2848892211914,4134.93994140625
2021-04-21,130.1500701904297,121.4859619140625,4173.419921875
2021-04-22,128.6292266845703,120.27985382080078,4134.97998046875
2021-04-23,130.94949340820312,119.66336059570312,4180.169921875
2021-04-26,131.3394775390625,117.26905822753906,4187.6201171875
2021-04-27,131.01771545410156,117.1975555419922,4186.72021484375
2021-04-28,130.2280731201172,117.39414978027344,4183.18017578125
2021-04-29,130.13058471679688,118.38580322265624,4211.47021484375
2021-04-30,128.1613006591797,119.19881439208984,4181.169921875
2021-05-03,129.21414184570312,120.61040496826172,4192.66015625
2021-05-04,124.64183807373048,120.1994400024414,4164.66015625
2021-05-05,124.8855972290039,119.23455810546876,4167.58984375
2021-05-06,126.48442840576172,120.73548889160156,4201.6201171875
2021-05-07,127.15825653076172,120.74441528320312,4232.60009765625
2021-05-10,123.87700653076172,122.9958267211914,4188.43017578125
2021-05-11,122.95904541015624,122.3883056640625,4152.10009765625
2021-05-12,119.89263153076172,121.09285736083984,4063.0400390625
2021-05-13,122.04105377197266,123.0405044555664,4112.5
2021-05-14,124.46292877197266,123.2995834350586,4173.85009765625
2021-05-17,123.31060028076172,123.04942321777344,4163.2900390625
2021-05-18,121.92385864257812,121.78973388671876,4127.830078125
2021-05-19,121.7676239013672,122.03986358642578,4115.68017578125
2021-05-20,124.32620239257812,123.29065704345705,4159.1201171875
2021-05-21,122.4902801513672,123.29065704345705,4155.85986328125
2021-05-24,124.12112426757812,123.25494384765624,4197.0498046875
2021-05-25,123.9258270263672,123.67479705810548,4188.1298828125
2021-05-26,123.87700653076172,123.3978500366211,4195.990234375
2021-05-27,122.34381103515624,120.59253692626952,4200.8798828125
2021-05-28,121.68950653076172,120.47642517089844,4204.10986328125
2021-06-01,121.36722564697266,118.7164077758789,4202.0400390625
2021-06-02,122.12894439697266,119.23455810546876,4208.1201171875
2021-06-03,120.6445770263672,121.36983489990234,4192.85009765625
2021-06-04,122.9394989013672,121.45915222167967,4229.89013671875
2021-06-07,122.9492645263672,121.8790512084961,4226.52001953125
2021-06-08,123.76959228515624,120.46747589111328,4227.259765625
2021-06-09,124.1504364013672,120.4228286743164,4219.5498046875
2021-06-10,123.15435028076172,121.31620025634766,4239.18017578125
2021-06-11,124.36526489257812,120.4853286743164,4247.43994140625
2021-06-14,127.42191314697266,120.53001403808594,4255.14990234375
2021-06-15,126.6016082763672,120.29769897460938,4246.58984375
2021-06-16,127.09963989257812,118.62705993652344,4223.7001953125
2021-06-17,128.70123291015625,119.70808410644533,4221.85986328125
2021-06-18,127.40239715576172,117.95697784423828,4166.4501953125
2021-06-21,129.19927978515625,118.88614654541016,4224.7900390625
2021-06-22,130.83985900878906,118.93080139160156,4246.43994140625
2021-06-23,130.56646728515625,118.76105499267578,4241.83984375
2021-06-24,130.2832794189453,118.84146118164062,4266.490234375
2021-06-25,129.99029541015625,120.53890991210938,4280.7001953125
2021-06-28,131.62115478515625,120.89630126953124,4290.60986328125
2021-06-29,133.1348419189453,120.07437133789062,4291.7998046875
2021-06-30,133.75009155273438,120.5478744506836,4297.5
2021-07-01,134.05279541015625,120.8248291015625,4319.93994140625
2021-07-02,136.67977905273438,121.41446685791016,4352.33984375
2021-07-06,138.69146728515625,121.4859619140625,4343.5400390625
2021-07-07,141.18170166015625,122.39722442626952,4358.1298828125
2021-07-08,139.88287353515625,122.37938690185548,4320.81982421875
2021-07-09,141.70904541015625,122.4240493774414,4369.5498046875
2021-07-12,141.1133270263672,122.52233123779295,4384.6298828125
2021-07-13,142.22662353515625,122.37043762207033,4369.2099609375
2021-07-14,145.6543426513672,123.27274322509766,4374.2998046875
2021-07-15,145.0000457763672,124.3270034790039,4360.02978515625
2021-07-16,142.9590606689453,125.53311157226562,4327.16015625
2021-07-19,139.1113739013672,125.47058868408205,4258.490234375
2021-07-20,142.7246856689453,124.800537109375,4323.06005859375
2021-07-21,141.9922332763672,124.36270904541016,4358.68994140625
2021-07-22,143.35940551757812,123.8862762451172,4367.47998046875
2021-07-23,145.07815551757812,125.67533111572266,4411.7900390625
2021-07-26,145.49810791015625,126.1158447265625,4422.2998046875
2021-07-27,143.33013916015625,126.62831115722656,4401.4599609375
2021-07-28,141.58212280273438,124.74929809570312,4400.64013671875
2021-07-29,142.22662353515625,125.39661407470705,4419.14990234375
2021-07-30,142.44143676757812,127.86892700195312,4395.259765625
2021-08-02,142.10948181152344,127.55427551269533,4387.16015625
2021-08-03,143.90631103515625,129.415283203125,4423.14990234375
2021-08-04,143.50592041015625,128.0487518310547,4402.66015625
2021-08-05,143.61334228515625,128.11170959472656,4429.10009765625
2021-08-06,142.9287109375,127.13176727294922,4436.52001953125
2021-08-09,142.87979125976562,127.82400512695312,4432.35009765625
2021-08-10,142.40060424804688,127.90492248535156,4436.75
2021-08-11,142.65487670898438,128.2195587158203,4442.41015625
2021-08-12,145.61827087402344,128.51626586914062,4460.830078125
2021-08-13,145.82366943359375,129.13661193847656,4468.0
2021-08-16,147.79928588867188,130.0355987548828,4479.7099609375
2021-08-17,146.88973999023438,130.25135803222656,4448.080078125
2021-08-18,143.14389038085938,128.83091735839844,4400.27001953125
2021-08-19,143.47645568847656,130.3502655029297,4405.7998046875
2021-08-20,144.9336700439453,130.44021606445312,4441.669921875
2021-08-23,146.42030334472656,129.77490234375,4479.52978515625
2021-08-24,146.33224487304688,128.72300720214844,4486.22998046875
2021-08-25,145.09991455078125,128.26451110839844,4496.18994140625
2021-08-26,144.29795837402344,128.03977966308594,4470.0
2021-08-27,145.33465576171875,127.94088745117188,4509.3701171875
2021-08-30,149.75534057617188,128.49822998046875,4528.7900390625
2021-08-31,148.49366760253906,128.01280212402344,4522.68017578125
2021-09-01,149.15878295898438,129.31640625,4524.08984375
2021-09-02,150.27369689941406,129.415283203125,4536.9501953125
2021-09-03,150.90940856933594,129.50521850585938,4535.43017578125
2021-09-07,153.24691772460938,129.01968383789062,4520.02978515625
2021-09-08,151.7016143798828,129.99964904785156,4514.06982421875
2021-09-09,150.68447875976562,129.4512481689453,4493.27978515625
2021-09-10,145.696533203125,129.57711791992188,4458.580078125
2021-09-13,146.2637939453125,130.97061157226562,4468.72998046875
2021-09-14,144.86521911621094,130.745849609375,4443.0498046875
2021-09-15,145.7552032470703,130.4671630859375,4480.7001953125
2021-09-16,145.5205078125,129.5591583251953,4473.75
2021-09-17,142.85049438476562,129.76588439941406,4432.990234375
2021-09-20,139.79901123046875,128.4623260498047,4357.72998046875
2021-09-21,140.2782745361328,128.66012573242188,4354.18994140625
2021-09-22,142.64511108398438,129.10061645507812,4395.64013671875
2021-09-23,143.60357666015625,129.6310272216797,4448.97998046875
2021-09-24,143.69154357910156,129.05564880371094,4455.47998046875
2021-09-27,142.1756591796875,127.35652923583984,4443.10986328125
2021-09-28,138.7917022705078,126.39456176757812,4352.6298828125
2021-09-29,139.69146728515625,127.6801528930664,4359.4599609375
2021-09-30,138.3906707763672,125.684326171875,4307.5400390625
2021-10-01,139.51541137695312,125.4865264892578,4357.0400390625
2021-10-04,136.08255004882812,124.77628326416016,4300.4599609375
2021-10-05,138.00927734375,125.26175689697266,4345.72021484375
2021-10-06,138.8796844482422,126.93399047851562,4363.5498046875
2021-10-07,140.1413116455078,127.94985961914062,4399.759765625
2021-10-08,139.75991821289062,127.4194564819336,4391.33984375
2021-10-11,139.6719207763672,127.94985961914062,4361.18994140625
2021-10-12,138.4004364013672,127.76103973388672,4350.64990234375
2021-10-13,137.8136444091797,128.0577392578125,4363.7998046875
2021-10-14,140.60104370117188,129.50521850585938,4438.259765625
2021-10-15,141.65728759765625,129.8378143310547,4471.3701171875
2021-10-18,143.3297576904297,127.96786499023438,4486.4599609375
2021-10-19,145.4911346435547,126.45745849609376,4519.6298828125
2021-10-20,145.98016357421875,126.9519271850586,4536.18994140625
2021-10-21,146.19534301757812,126.03829956054688,4549.77978515625
2021-10-22,145.42269897460938,127.39521026611328,4544.89990234375
2021-10-25,145.37380981445312,127.4133071899414,4566.47998046875
2021-10-26,146.03884887695312,129.22251892089844,4574.7900390625
2021-10-27,145.57916259765625,128.29981994628906,4551.68017578125
2021-10-28,149.21743774414062,129.06869506835938,4596.419921875
2021-10-29,146.50830078125,129.34912109375,4605.3798828125
2021-11-01,145.686767578125,129.0325164794922,4613.669921875
2021-11-02,146.72348022460938,130.3170623779297,4630.64990234375
2021-11-03,148.16119384765625,131.212646484375,4660.56982421875
2021-11-04,147.64283752441406,131.45687866210938,4680.06005859375
2021-11-05,148.1717529296875,132.10816955566406,4697.52978515625
2021-11-08,147.34898376464844,131.12213134765625,4701.7001953125
2021-11-09,147.71139526367188,131.5202178955078,4685.25
2021-11-10,144.8807373046875,132.81378173828125,4646.7099609375
2021-11-11,144.83180236816406,132.43380737304688,4649.27001953125
2021-11-12,146.90821838378906,132.5785675048828,4682.85009765625
2021-11-15,146.91802978515625,133.33843994140625,4682.7998046875
2021-11-16,147.8974609375,133.14846801757812,4700.89990234375
2021-11-17,150.3363037109375,133.0670623779297,4688.669921875
2021-11-18,154.62632751464844,133.08514404296875,4704.5400390625
2021-11-19,157.2512664794922,132.81378173828125,4697.9599609375
2021-11-22,157.7116241455078,133.70028686523438,4682.93994140625
2021-11-23,158.0935821533203,135.18380737304688,4690.7001953125
2021-11-24,158.6127166748047,134.47824096679688,4701.4599609375
2021-11-26,153.58810424804688,133.40174865722656,4594.6201171875
2021-11-29,156.94761657714844,134.8038787841797,4655.27001953125
2021-11-30,161.90367126464844,130.78746032714844,4567.0
2021-12-01,161.3845672607422,132.43380737304688,4513.0400390625
2021-12-02,160.3953094482422,133.21180725097656,4577.10009765625
2021-12-03,158.51473999023438,135.5818634033203,4538.43017578125
2021-12-06,161.92324829101562,137.63528442382812,4591.669921875
2021-12-07,167.66281127929688,137.27345275878906,4686.75
2021-12-08,171.48268127441406,137.8885955810547,4701.2099609375
2021-12-09,170.973388671875,138.69371032714844,4667.4501953125
2021-12-10,175.76292419433594,140.6295166015625,4712.02001953125
2021-12-13,172.12913513183594,142.6287078857422,4668.97021484375
2021-12-14,170.74813842773438,143.15338134765625,4634.08984375
2021-12-15,175.61598205566406,143.7052001953125,4709.85009765625
2021-12-16,168.7206268310547,145.7405548095703,4668.669921875
2021-12-17,167.62367248535156,142.4387664794922,4620.64013671875
2021-12-20,166.26223754882812,142.8005828857422,4568.02001953125
2021-12-21,169.43565368652344,142.7101287841797,4649.22998046875
2021-12-22,172.03118896484375,144.1212921142578,4696.56005859375
2021-12-23,172.65805053710938,144.826904296875,4725.7900390625
2021-12-27,176.62486267089844,146.51852416992188,4791.18994140625
2021-12-28,175.60617065429688,147.3054962158203,4786.35009765625
2021-12-29,175.69435119628906,148.5267333984375,4793.06005859375
2021-12-30,174.53858947753906,147.24217224121094,4778.72998046875
2021-12-31,173.92153930664062,147.9748992919922,4766.18017578125
2022-01-03,178.27029418945312,147.3597869873047,4796.56005859375
2022-01-04,176.00775146484375,147.87538146972656,4793.5400390625
2022-01-05,171.32595825195312,148.54483032226562,4700.580078125
2022-01-06,168.46600341796875,147.29644775390625,4696.0498046875
2022-01-07,168.63247680664062,147.2150421142578,4677.02978515625
2022-01-10,168.65208435058594,145.2068328857422,4670.2900390625
2022-01-11,171.48268127441406,143.52430725097656,4713.06982421875
2022-01-12,171.92343139648438,143.84091186523438,4726.35009765625
2022-01-13,168.65208435058594,143.1895294189453,4659.02978515625
2022-01-14,169.5140380859375,144.56455993652344,4662.85009765625
2022-01-18,166.31121826171875,141.7783660888672,4577.10986328125
2022-01-19,162.81454467773438,146.545654296875,4532.759765625
2022-01-20,161.1298828125,147.3369140625,4482.72998046875
2022-01-21,159.0730438232422,147.90077209472656,4397.93994140625
2022-01-24,158.29925537109375,146.7002410888672,4410.1298828125
2022-01-25,156.49705505371094,145.09954833984375,4356.4501953125
2022-01-26,156.40890502929688,143.83534240722656,4349.93017578125
2022-01-27,155.94859313964844,144.7266845703125,4326.509765625
2022-01-28,166.83029174804688,145.97264099121094,4431.85009765625
2022-01-31,171.18887329101562,145.9272003173828,4515.5498046875
2022-02-01,171.0223846435547,145.2814483642578,4546.5400390625
2022-02-02,172.22708129882812,147.882568359375,4589.3798828125
2022-02-03,169.3474884033203,149.28318786621094,4477.43994140625
2022-02-04,169.0631103515625,146.9094696044922,4500.52978515625
2022-02-07,168.34719848632812,145.8089599609375,4483.8701171875
2022-02-08,171.45602416992188,145.48159790039062,4521.5400390625
2022-02-09,172.87802124023438,145.1541290283203,4587.18017578125
2022-02-10,168.79827880859375,142.9440460205078,4504.080078125
2022-02-11,165.385498046875,142.1437225341797,4418.64013671875
2022-02-14,165.62083435058594,142.55299377441406,4401.669921875
2022-02-15,169.4553680419922,142.625732421875,4471.06982421875
2022-02-16,169.2200164794922,143.70803833007812,4475.009765625
2022-02-17,165.62083435058594,145.35423278808594,4380.259765625
2022-02-18,164.0713348388672,145.42697143554688,4348.8701171875
2022-02-22,161.14886474609375,143.63528442382812,4304.759765625
2022-02-23,156.98085021972656,141.84359741210938,4225.5
2022-02-24,159.59933471679688,138.02374267578125,4288.7001953125
2022-02-25,161.66860961914062,143.91725158691406,4384.64990234375
2022-02-28,161.93341064453125,141.77993774414062,4373.93994140625
2022-03-01,160.05044555664062,139.43344116210938,4306.259765625
2022-03-02,163.34561157226562,139.8699951171875,4386.5400390625
2022-03-03,163.02197265625,140.38841247558594,4363.490234375
2022-03-04,160.02105712890625,141.0978240966797,4328.8701171875
2022-03-07,156.22569274902344,139.00599670410156,4201.08984375
2022-03-08,154.40159606933594,133.5035858154297,4170.7001953125
2022-03-09,159.8052978515625,135.3043975830078,4277.8798828125
2022-03-10,155.46075439453125,131.82106018066406,4259.52001953125
2022-03-11,151.74388122558594,130.25674438476562,4204.31005859375
2022-03-14,147.71322631835938,131.92108154296875,4173.10986328125
2022-03-15,152.09698486328125,136.6686248779297,4262.4501953125
2022-03-16,156.51010131835938,136.2047576904297,4357.85986328125
2022-03-17,157.52023315429688,136.63223266601562,4411.669921875
2022-03-18,160.81539916992188,136.55943298339844,4463.1201171875
2022-03-21,162.18841552734375,137.07791137695312,4461.18017578125
2022-03-22,165.56201171875,138.13287353515625,4511.60986328125
2022-03-23,166.92515563964844,137.16883850097656,4456.240234375
2022-03-24,170.71067810058594,137.40528869628906,4520.16015625
2022-03-25,171.34811401367188,138.9969024658203,4543.06005859375
2022-03-28,172.2111358642578,139.95187377929688,4575.52001953125
2022-03-29,175.50633239746094,141.38885498046875,4631.60009765625
2022-03-30,174.33929443359375,140.4156951904297,4602.4501953125
2022-03-31,171.24026489257812,138.96961975097656,4530.41015625
2022-04-01,170.94606018066406,141.05233764648438,4545.85986328125
2022-04-04,174.99632263183594,140.13372802734375,4582.64013671875
2022-04-05,171.68157958984375,140.6248779296875,4525.1201171875
2022-04-06,168.513916015625,142.63485717773438,4481.14990234375
2022-04-07,168.8179168701172,144.4810791015625,4500.2099609375
2022-04-08,166.80747985839844,145.60887145996094,4488.27978515625
2022-04-11,162.5512237548828,145.05409240722656,4412.52978515625
2022-04-12,164.42437744140625,144.61753845214844,4397.4501953125
2022-04-13,167.11151123046875,145.02679443359375,4446.58984375
2022-04-14,162.10009765625,144.21734619140625,4392.58984375
2022-04-18,161.8843536376953,142.84405517578125,4391.68994140625
2022-04-19,164.1693878173828,144.98133850097656,4462.2099609375
2022-04-20,164.00267028808594,148.8375244140625,4459.4501953125
2022-04-21,163.20828247070312,148.72140502929688,4393.66015625
2022-04-22,158.66766357421875,147.47756958007812,4271.77978515625
2022-04-25,159.73663330078125,148.66653442382812,4296.1201171875
2022-04-26,153.77392578125,146.14222717285156,4175.2001953125
2022-04-27,153.54843139648438,145.74900817871094,4183.9599609375
2022-04-28,160.4819793701172,149.45310974121094,4287.5
2022-04-29,154.6075439453125,146.8373565673828,4131.93017578125
2022-05-02,154.91160583496094,144.85267639160156,4155.3798828125
2022-05-03,156.40223693847656,142.86805725097656,4175.47998046875
2022-05-04,162.8160400390625,143.91981506347656,4300.169921875
2022-05-05,153.7445526123047,141.2675018310547,4146.8701171875
2022-05-06,154.4713592529297,142.6759490966797,4123.33984375
2022-05-09,149.34454345703125,142.31930541992188,3991.239990234375
2022-05-10,151.7508087158203,141.56932067871094,4001.050048828125
2022-05-11,143.8838348388672,139.5754852294922,3935.179931640625
2022-05-12,140.01419067382812,139.0084686279297,3930.080078125
2022-05-13,144.48294067382812,140.49923706054688,4023.889892578125
2022-05-16,142.94097900390625,141.8711395263672,4008.010009765625
2022-05-17,146.57492065429688,141.46868896484375,4088.85009765625
2022-05-18,138.30528259277344,132.65203857421875,3923.679931640625
2022-05-19,134.89723205566406,129.5973358154297,3900.7900390625
2022-05-20,135.1329345703125,129.6796417236328,3901.360107421875
2022-05-23,140.55438232421875,132.6611785888672,3973.75
2022-05-24,137.85348510742188,135.02085876464844,3941.47998046875
2022-05-25,138.01063537597656,132.8075408935547,3978.72998046875
2022-05-26,141.21241760253906,133.9690399169922,4057.840087890625
2022-05-27,146.96774291992188,136.0177459716797,4158.240234375
2022-05-31,146.1820526123047,135.24948120117188,4132.14990234375
2022-06-01,146.05438232421875,133.2008056640625,4101.22998046875
2022-06-02,148.5097198486328,134.63673400878906,4176.81982421875
2022-06-03,142.78384399414062,133.42947387695312,4108.5400390625
2022-06-06,143.5302734375,132.9081573486328,4121.43017578125
2022-06-07,146.05438232421875,134.38978576660156,4160.68017578125
2022-06-08,145.31777954101562,132.71609497070312,4115.77001953125
2022-06-09,140.09278869628906,130.31985473632812,4017.820068359375
2022-06-10,134.68113708496094,129.8259735107422,3900.860107421875
2022-06-13,129.52493286132812,126.35054779052734,3749.6298828125
2022-06-14,130.38922119140625,122.40865325927734,3735.47998046875
2022-06-15,133.01150512695312,121.19223022460938,3789.989990234375
2022-06-16,127.73741149902344,121.93307495117188,3666.77001953125
2022-06-17,129.21063232421875,121.05503845214844,3674.840087890625
2022-06-21,133.4436492919922,124.72256469726562,3764.7900390625
2022-06-22,132.93295288085938,126.67064666748048,3759.889892578125
2022-06-23,135.80079650878906,130.14608764648438,3795.72998046875
2022-06-24,139.13026428222656,132.02098083496094,3911.739990234375
2022-06-27,139.13026428222656,131.01495361328125,3900.110107421875
2022-06-28,134.98561096191406,128.8839111328125,3821.550048828125
2022-06-29,136.74366760253906,130.05462646484375,3818.830078125
2022-06-30,134.2784881591797,131.50881958007812,3785.3798828125
2022-07-01,136.44898986816406,133.6306915283203,3825.330078125
2022-07-05,139.03204345703125,132.34109497070312,3831.389892578125
2022-07-06,140.3677978515625,133.5758056640625,3845.080078125
2022-07-07,143.73651123046875,133.53005981445312,3902.6201171875
2022-07-08,144.41416931152344,132.6337890625,3899.3798828125
2022-07-11,142.28294372558594,133.56663513183594,3854.429931640625
2022-07-12,143.25527954101562,132.38682556152344,3818.800048828125
2022-07-13,142.891845703125,133.2556915283203,3801.780029296875
2022-07-14,145.81861877441406,132.86241149902344,3790.3798828125
2022-07-15,147.4883270263672,132.67947387695312,3863.159912109375
2022-07-18,144.4436492919922,131.06982421875,3830.85009765625
2022-07-19,148.30348205566406,131.73744201660156,3936.68994140625
2022-07-20,150.3070526123047,129.4601287841797,3959.89990234375
2022-07-21,152.5758056640625,129.5825653076172,3998.949951171875
2022-07-22,151.3383026123047,131.6537628173828,3961.6298828125
2022-07-25,150.21865844726562,132.54666137695312,3966.840087890625
2022-07-26,148.8927764892578,132.80445861816406,3921.050048828125
2022-07-27,153.9900665283203,134.06553649902344,4023.610107421875
2022-07-28,154.54006958007812,136.293212890625,4072.429931640625
2022-07-29,159.6079559326172,127.87039947509766,4130.2900390625
2022-08-01,158.6258087158203,131.5432586669922,4118.6298828125
2022-08-02,157.15257263183594,130.66879272460938,4091.18994140625
2022-08-03,163.16326904296875,133.36593627929688,4155.169921875
2022-08-04,162.8489990234375,133.15419006347656,4151.93994140625
2022-08-05,162.62278747558594,133.21864318847656,4145.18994140625
2022-08-08,162.1507110595703,133.72496032714844,4140.06005859375
2022-08-09,162.19989013671875,133.41195678710938,4122.47021484375
2022-08-10,166.4486541748047,134.67308044433594,4210.240234375
2022-08-11,165.71099853515625,133.7157440185547,4207.27001953125
2022-08-12,169.261474609375,135.01368713378906,4280.14990234375
2022-08-15,170.33348083496094,136.7534637451172,4297.14013671875
2022-08-16,170.17613220214844,138.0145721435547,4305.2001953125
2022-08-17,171.6710662841797,137.37942504882812,4274.0400390625
2022-08-18,171.27767944335938,137.86732482910156,4283.740234375
2022-08-19,168.69102478027344,137.83050537109375,4228.47998046875
2022-08-22,164.8061981201172,137.46226501464844,4137.990234375
2022-08-23,164.47177124023438,134.81114196777344,4128.72998046875
2022-08-24,164.766845703125,134.23123168945312,4140.77001953125
2022-08-25,167.22561645507812,134.12074279785156,4199.1201171875
2022-08-26,160.9213104248047,130.9817352294922,4057.659912109375
2022-08-29,158.71829223632812,130.429443359375,4030.610107421875
2022-08-30,156.2890167236328,129.03944396972656,3986.159912109375
2022-08-31,154.6269073486328,126.97748565673828,3955.0
2022-09-01,155.35472106933594,128.5423583984375,3966.85009765625
2022-09-02,153.24014282226562,126.25945281982422,3924.260009765625
2022-09-06,151.9812469482422,124.85108184814452,3908.18994140625
2022-09-07,153.3876953125,126.73811340332033,3979.8701171875
2022-09-08,151.91241455078125,126.90384674072266,4006.179931640625
2022-09-09,154.77439880371094,128.83694458007812,4067.360107421875
2022-09-12,160.7344512939453,129.88636779785156,4110.41015625
2022-09-13,151.30264282226562,127.1983871459961,3932.68994140625
2022-09-14,152.74835205078125,127.50215911865234,3946.010009765625
2022-09-15,149.85690307617188,126.5172119140625,3901.35009765625
2022-09-16,148.21441650390625,127.29047393798828,3873.330078125
2022-09-19,151.9320831298828,127.02350616455078,3899.889892578125
2022-09-20,154.31216430664062,126.57242584228516,3855.929931640625
2022-09-21,151.1846160888672,124.943115234375,3789.929931640625
2022-09-22,150.22080993652344,125.38499450683594,3757.989990234375
2022-09-23,147.9488525390625,124.80502319335938,3693.22998046875
2022-09-26,148.2832794189453,124.92472076416016,3655.0400390625
2022-09-27,149.25692749023438,121.49111938476562,3647.2900390625
2022-09-28,147.3686065673828,121.49111938476562,3719.0400390625
2022-09-29,140.1300048828125,118.47180938720705,3640.469970703125
2022-09-30,135.92059326171875,116.2165069580078,3585.6201171875
2022-10-03,140.10049438476562,118.2968978881836,3678.429931640625
2022-10-04,143.69032287597656,119.76055908203124,3790.929931640625
2022-10-05,143.98533630371094,118.93207550048828,3783.280029296875
2022-10-06,143.03135681152344,116.4282455444336,3744.52001953125
2022-10-07,137.7794189453125,114.39386749267578,3639.659912109375
2022-10-10,138.10397338867188,113.92440032958984,3612.389892578125
2022-10-11,136.68771362304688,114.3570556640625,3588.840087890625
2022-10-12,136.05828857421875,114.54115295410156,3577.030029296875
2022-10-13,140.631591796875,116.27174377441406,3669.909912109375
2022-10-14,136.0976104736328,115.13948059082033,3583.070068359375
2022-10-17,140.0611572265625,117.21988677978516,3677.949951171875
2022-10-18,141.37904357910156,118.16802215576172,3719.97998046875
2022-10-19,141.4872283935547,119.2634506225586,3695.159912109375
2022-10-20,141.02500915527344,117.72733306884766,3665.780029296875
2022-10-21,144.8410186767578,119.20134735107422,3752.75
2022-10-24,146.9850311279297,119.93372344970705,3797.340087890625
2022-10-25,149.82737731933594,121.31504821777344,3859.110107421875
2022-10-26,146.88668823242188,122.16793060302734,3830.60009765625
2022-10-27,142.4117431640625,122.26065063476562,3807.300048828125
2022-10-28,153.1713104248047,125.3570327758789,3901.06005859375
2022-10-31,150.81089782714844,124.84712982177734,3871.97998046875
2022-11-01,148.16522216796875,125.04182434082033,3856.10009765625
2022-11-02,142.63790893554688,123.24332427978516,3759.68994140625
2022-11-03,136.58937072753906,122.3997039794922,3719.889892578125
2022-11-04,136.32339477539062,124.63394165039062,3770.550048828125
2022-11-07,136.8553466796875,126.54367065429688,3806.800048828125
2022-11-08,137.4267578125,126.83103942871094,3828.110107421875
2022-11-09,132.8655548095703,126.52513122558594,3748.570068359375
2022-11-10,144.6872100830078,130.88232421875,3956.3701171875
2022-11-11,147.47515869140625,130.68763732910156,3992.929931640625
2022-11-14,146.0762481689453,130.69691467285156,3957.25
2022-11-15,147.81008911132812,130.2426300048828,3991.72998046875
2022-11-16,146.57867431640625,131.40145874023438,3958.7900390625
2022-11-17,148.47998046875,130.59490966796875,3946.56005859375
2022-11-18,149.04151916503906,132.17088317871094,3965.340087890625
2022-11-21,145.8102569580078,133.84889221191406,3949.93994140625
2022-11-22,147.94798278808594,134.99844360351562,4003.580078125
2022-11-23,148.82481384277344,135.76791381835938,4027.260009765625
2022-11-25,145.90879821777344,136.0182342529297,4026.1201171875
2022-11-28,142.0765838623047,135.90699768066406,3963.93994140625
2022-11-29,139.07192993164062,134.86865234375,3957.6298828125
2022-11-30,145.82997131347656,138.28024291992188,4080.110107421875
2022-12-01,146.10580444335938,138.36370849609375,4076.570068359375
2022-12-02,145.6132354736328,139.62448120117188,4071.699951171875
2022-12-05,144.4508056640625,138.21531677246094,3998.840087890625
2022-12-06,140.7860870361328,138.39149475097656,3941.260009765625
2022-12-07,138.84535217285156,139.28146362304688,3933.919921875
2022-12-08,140.52992248535156,140.28269958496094,3963.510009765625
2022-12-09,140.04721069335938,139.91189575195312,3934.3798828125
2022-12-12,142.3426055908203,141.3488311767578,3990.56005859375
2022-12-13,143.30801391601562,141.1355743408203,4019.64990234375
2022-12-14,141.0816192626953,141.69178771972656,3995.320068359375
2022-12-15,134.47132873535156,140.0880126953125,3895.75
2022-12-16,132.5109100341797,139.4668731689453,3852.360107421875
2022-12-19,130.40272521972656,139.42977905273438,3817.659912109375
2022-12-20,130.33375549316406,139.4854278564453,3821.6201171875
2022-12-21,133.4369354248047,140.76473999023438,3878.43994140625
2022-12-22,130.26478576660156,141.08924865722656,3822.389892578125
2022-12-23,129.90028381347656,141.48785400390625,3844.820068359375
2022-12-27,128.0974884033203,142.72085571289062,3829.25
2022-12-28,124.1667938232422,140.8760223388672,3783.219970703125
2022-12-29,127.68372344970705,141.4600372314453,3849.280029296875
2022-12-30,127.99896240234376,140.50518798828125,3839.5
2023-01-03,123.2112045288086,140.51446533203125,3824.139892578125
2023-01-04,124.48202514648438,141.1262969970703,3852.969970703125
2023-01-05,123.16195678710938,139.37417602539062,3808.10009765625
2023-01-06,127.69358825683594,142.69302368164062,3895.080078125
2023-01-09,128.21571350097656,140.95016479492188,3892.090087890625
2023-01-10,128.78707885742188,140.81112670898438,3919.25
2023-01-11,131.50607299804688,139.67083740234375,3969.610107421875
2023-01-12,131.42724609375,138.8828125,3983.169921875
2023-01-13,132.75718688964844,139.87477111816406,3999.090087890625
2023-01-17,133.91964721679688,139.4668731689453,3990.969970703125
2023-01-18,133.2005157470703,135.73081970214844,3928.860107421875
2023-01-19,133.2595977783203,132.86038208007812,3898.85009765625
2023-01-20,135.82095336914062,133.3734588623047,3972.610107421875
2023-01-23,139.0128173828125,131.5823211669922,4019.81005859375
2023-01-24,140.41172790527344,132.30064392089844,4016.949951171875
2023-01-25,139.75167846679688,132.20733642578125,4016.219970703125
2023-01-26,141.82046508789062,131.6756134033203,4060.429931640625
2023-01-27,143.76116943359375,131.13455200195312,4070.56005859375
2023-01-30,140.87472534179688,131.54501342773438,4017.77001953125
2023-01-31,142.1455535888672,132.8230438232422,4076.60009765625
2023-02-01,143.2686309814453,133.57867431640625,4119.2099609375
2023-02-02,148.57852172851562,132.62716674804688,4179.759765625
2023-02-03,152.2038116455078,133.03761291503906,4136.47998046875
2023-02-06,149.4749755859375,131.9088134765625,4111.080078125
2023-02-07,152.35157775878906,130.62144470214844,4164.0
2023-02-08,149.6621551513672,129.26881408691406,4117.85986328125
2023-02-09,148.6277618408203,127.85079956054688,4081.5
2023-02-10,148.99281311035156,128.97958374023438,4090.4599609375
2023-02-13,151.79490661621094,130.66812133789062,4137.2900390625
2023-02-14,151.153564453125,129.93112182617188,4136.1298828125
2023-02-15,153.25509643554688,129.63259887695312,4147.60009765625
2023-02-16,151.65673828125,127.93476104736328,4090.409912109375
2023-02-17,150.51226806640625,130.6121368408203,4079.090087890625
2023-02-21,146.49664306640625,130.51882934570312,3997.340087890625
2023-02-22,146.92088317871094,131.06924438476562,3991.050048828125
2023-02-23,147.40432739257812,130.64942932128906,4012.320068359375
2023-02-24,144.75027465820312,129.91244506835938,3970.0400390625
2023-02-27,145.944091796875,129.80052185058594,3982.239990234375
2023-02-28,145.44093322753906,128.3265838623047,3970.14990234375
2023-03-01,143.3689727783203,128.4198760986328,3951.389892578125
2023-03-02,143.96095275878906,130.5374755859375,3981.35009765625
2023-03-03,149.01258850097656,131.48904418945312,4045.639892578125
2023-03-06,151.77516174316406,130.9293212890625,4048.419921875
2023-03-07,149.57493591308594,128.3265838623047,3986.3701171875
2023-03-08,150.82798767089844,128.3452606201172,3992.010009765625
2023-03-09,148.57843017578125,127.4030303955078,3918.320068359375
2023-03-10,146.51634216308594,127.98140716552734,3861.590087890625
2023-03-13,148.4600372314453,128.86764526367188,3855.760009765625
2023-03-14,150.5517120361328,130.462890625,3919.2900390625
2023-03-15,150.94638061523438,132.30996704101562,3891.929931640625
2023-03-16,153.7681884765625,133.29881286621094,3960.280029296875
2023-03-17,152.92953491210938,133.33615112304688,3916.639892578125
2023-03-20,155.29747009277344,135.38845825195312,3951.570068359375
2023-03-21,157.15234375,134.40895080566406,4002.8701171875
2023-03-22,155.7217254638672,134.32498168945312,3936.969970703125
2023-03-23,156.8070068359375,134.13839721679688,3948.719970703125
2023-03-24,158.10940551757812,136.87173461914062,3970.989990234375
2023-03-27,156.1656951904297,136.15341186523438,3977.530029296875
2023-03-28,155.5441131591797,136.535888671875,3971.27001953125
2023-03-29,158.62245178222656,136.95570373535156,4027.81005859375
2023-03-30,160.1912078857422,137.552734375,4050.830078125
2023-03-31,162.6973114013672,138.7095184326172,4109.31005859375
2023-04-03,163.9503173828125,139.47445678710938,4124.509765625
2023-04-04,163.4175262451172,140.1461181640625,4100.60009765625
2023-04-05,161.57252502441406,141.10699462890625,4090.3798828125
2023-04-06,162.4604949951172,142.0025634765625,4105.02001953125
2023-04-10,159.86558532714844,140.8271484375,4109.10986328125
2023-04-11,158.65203857421875,140.54727172851562,4108.93994140625
2023-04-12,157.96139526367188,140.9297637939453,4091.949951171875
2023-04-13,163.34844970703125,141.582763671875,4146.22021484375
2023-04-14,163.00315856933594,140.8644561767578,4137.64013671875
2023-04-17,163.02288818359375,140.91110229492188,4151.31982421875
2023-04-18,164.24632263183594,141.06036376953125,4154.8701171875
2023-04-19,165.39083862304688,141.08834838867188,4154.52001953125
2023-04-20,164.4239044189453,141.60557556152344,4129.7900390625
2023-04-21,162.81570434570312,146.5056915283203,4133.52001953125
2023-04-24,163.12155151367188,146.76853942871094,4137.0400390625
2023-04-25,161.58238220214844,146.80606079101562,4071.6298828125
2023-04-26,161.57252502441406,145.1069793701172,4055.989990234375
2023-04-27,166.16043090820312,146.88116455078125,4135.35009765625
2023-04-28,167.41342163085938,146.79669189453125,4169.47998046875
2023-05-01,167.3246307373047,146.97503662109375,4167.8701171875
2023-05-02,166.28866577148438,146.84359741210938,4119.580078125
2023-05-03,165.21322631835938,146.65586853027344,4090.75
2023-05-04,163.57540893554688,145.98001098632812,4061.219970703125
2023-05-05,171.25146484375,146.46812438964844,4136.25
2023-05-08,171.18238830566406,145.78286743164062,4138.1201171875
2023-05-09,169.47549438476562,144.29031372070312,4119.169921875
2023-05-10,171.24160766601562,144.59071350097656,4137.64013671875
2023-05-11,171.42906188964844,144.9286346435547,4130.6201171875
2023-05-12,170.50033569335938,146.40243530273438,4124.080078125
2023-05-15,170.00633239746094,146.44937133789062,4136.27978515625
2023-05-16,170.00633239746094,146.19590759277344,4109.89990234375
2023-05-17,170.61891174316406,145.5763397216797,4158.77001953125
2023-05-18,172.9506072998047,143.1826171875,4198.0498046875
2023-05-19,173.0592803955078,143.78341674804688,4191.97998046875
2023-05-22,172.11077880859375,140.01914978027344,4192.6298828125
2023-05-23,169.50244140625,138.50779724121094,4145.580078125
2023-05-24,169.77908325195312,137.3625946044922,4115.240234375
2023-05-25,170.9153289794922,136.4801788330078,4151.27978515625
2023-05-26,173.32603454589844,136.48956298828125,4205.4501953125
2023-05-30,175.1736297607422,134.4055938720703,4205.52001953125
2023-05-31,175.12423706054688,133.76727294921875,4179.830078125
2023-06-01,177.93014526367188,135.13780212402344,4221.02001953125
2023-06-02,178.77984619140625,137.5409393310547,4282.3701171875
2023-06-05,177.42625427246094,136.9964599609375,4273.7900390625
2023-06-06,177.06069946289062,135.6353302001953,4283.85009765625
2023-06-07,175.6873779296875,135.92633056640625,4267.52001953125
2023-06-08,178.40440368652344,137.4658203125,4293.93017578125
2023-06-09,178.7897186279297,137.57847595214844,4298.85986328125
2023-06-12,181.58575439453125,136.49893188476562,4338.93017578125
2023-06-13,181.11151123046875,136.17042541503906,4369.009765625
2023-06-14,181.7438507080078,137.44705200195312,4372.58984375
2023-06-15,183.77914428710935,139.35264587402344,4425.83984375
2023-06-16,182.7022247314453,140.37583923339844,4409.58984375
2023-06-20,182.7911529541016,139.0803985595703,4388.7099609375
2023-06-21,181.75372314453125,140.28199768066406,4365.68994140625
2023-06-22,184.75726318359372,140.7606964111328,4381.89013671875
2023-06-23,184.4410858154297,139.36203002929688,4348.330078125
2023-06-26,183.04803466796875,139.50283813476562,4328.81982421875
2023-06-27,185.80455017089844,140.82644653320312,4378.41015625
2023-06-28,186.9803009033203,140.79827880859375,4376.85986328125
2023-06-29,187.3162078857422,140.2256317138672,4396.43994140625
2023-06-30,191.6436767578125,142.44102478027344,4450.3798828125
2023-07-03,190.15179443359372,143.15443420410156,4455.58984375
2023-07-05,189.0353240966797,142.91038513183594,4446.81982421875
2023-07-06,189.5095977783203,142.67568969726562,4411.58984375
2023-07-07,188.3931121826172,139.6811981201172,4398.9501953125
2023-07-10,186.34796142578125,139.737548828125,4409.52978515625
2023-07-11,185.8243560791016,139.0053253173828,4439.259765625
2023-07-12,187.4940490722656,139.72811889648438,4472.16015625
2023-07-13,188.2547912597656,139.822021484375,4510.0400390625
2023-07-14,188.40301513671875,140.85459899902344,4505.419921875
2023-07-17,191.66343688964844,139.85955810546875,4522.7900390625
2023-07-18,191.4065704345703,140.12237548828125,4554.97998046875
2023-07-19,192.7601318359375,141.07989501953125,4565.72021484375
2023-07-20,190.81378173828125,142.2238311767578,4534.8701171875
2023-07-21,189.63803100585935,144.46261596679688,4536.33984375
2023-07-24,190.4382781982422,144.9254913330078,4554.64013671875
2023-07-25,191.29788208007807,145.26551818847656,4567.4599609375
2023-07-26,192.16734313964844,145.41671752929688,4566.75
2023-07-27,190.90269470214844,143.68801879882812,4537.41015625
2023-07-28,193.4813537597656,147.74993896484375,4582.22998046875
2023-07-31,194.0939483642578,147.6460418701172,4588.9599609375
2023-08-01,193.26402282714844,147.5988006591797,4576.72998046875
2023-08-02,190.27037048339844,147.9199676513672,4513.39013671875
2023-08-03,188.87725830078125,148.3072967529297,4501.89013671875
2023-08-04,179.807373046875,146.68246459960938,4478.02978515625
2023-08-07,176.70504760742188,148.231689453125,4518.43994140625
2023-08-08,177.64364624023438,148.39227294921875,4499.3798828125
2023-08-09,176.0529327392578,148.20335388183594,4467.7099609375
2023-08-10,175.83555603027344,147.466552734375,4468.830078125
2023-08-11,175.8949432373047,148.32618713378906,4464.0498046875
2023-08-14,177.54713439941406,147.1642608642578,4489.72021484375
2023-08-15,175.55857849121094,146.2196044921875,4437.85986328125
2023-08-16,174.68795776367188,144.7271270751953,4404.330078125
2023-08-17,172.1453399658203,143.68801879882812,4370.35986328125
2023-08-18,172.63011169433594,144.0941925048828,4369.7099609375
2023-08-21,173.96572875976562,143.3668212890625,4399.77001953125
2023-08-22,175.34088134765625,143.42352294921875,4387.5498046875
2023-08-23,179.189453125,144.764892578125,4436.009765625
2023-08-24,174.49998474121094,144.0941925048828,4376.31005859375
2023-08-25,176.70620727539062,145.03884887695312,4405.7099609375
2023-08-28,178.26934814453125,145.26551818847656,4433.31005859375
2023-08-29,182.157470703125,145.35057067871094,4497.6298828125
2023-08-30,185.6498107910156,145.51116943359375,4514.8701171875
2023-08-31,185.86749267578125,145.79454040527344,4507.66015625
2023-09-01,187.44058227539065,145.9551239013672,4515.77001953125
2023-09-05,187.677978515625,143.999755859375,4496.830078125
2023-09-06,180.9603729248047,143.7163543701172,4465.47998046875
2023-09-07,175.66737365722656,145.08607482910156,4451.14013671875
2023-09-08,176.28074645996094,144.46261596679688,4457.490234375
2023-09-11,177.44821166992188,146.1818389892578,4487.4599609375
2023-09-12,174.42083740234375,143.6124267578125,4461.89990234375
2023-09-13,172.3531036376953,144.61376953125,4467.43994140625
2023-09-14,173.86680603027344,146.20074462890625,4505.10009765625
2023-09-15,173.14456176757812,144.97271728515625,4450.31982421875
2023-09-18,176.072998046875,145.5206298828125,4453.52978515625
2023-09-19,177.16127014160156,145.0955352783203,4443.9501953125
2023-09-20,173.6194610595703,144.97271728515625,4402.2001953125
2023-09-21,172.07608032226562,143.7163543701172,4330.0
2023-09-22,172.92691040039062,143.18736267089844,4320.06005859375
2023-09-25,174.20318603515625,142.31829833984375,4337.43994140625
2023-09-26,170.12709045410156,141.052490234375,4273.52978515625
2023-09-27,168.61341857910156,139.18211364746094,4274.509765625
2023-09-28,168.87062072753906,138.23748779296875,4299.7001953125
2023-09-29,169.38507080078125,137.7840576171875,4288.0498046875
2023-10-02,171.8979949951172,137.15113830566406,4288.39013671875
2023-10-03,170.56236267089844,137.43455505371094,4229.4501953125
2023-10-04,171.8089599609375,137.88796997070312,4263.75
2023-10-05,173.04562377929688,135.83811950683594,4258.18994140625
2023-10-06,175.59815979003906,136.11207580566406,4308.5
2023-10-09,177.0821533203125,135.4224853515625,4335.66015625
2023-10-10,176.48855590820312,136.76388549804688,4358.240234375
2023-10-11,177.88352966308594,135.08241271972656,4376.9501953125
2023-10-12,178.78382873535156,135.3847198486328,4349.60986328125
2023-10-13,176.94366455078125,136.6788330078125,4327.77978515625
2023-10-16,176.8150177001953,137.98245239257812,4373.6298828125
2023-10-17,175.26173400878906,138.16189575195312,4373.2001953125
2023-10-18,173.96572875976562,141.7231903076172,4314.60009765625
2023-10-19,173.58981323242188,140.9256134033203,4278.0
2023-10-20,171.0372772216797,140.7355194091797,4224.16015625
2023-10-23,171.15597534179688,140.83055114746094,4217.0400390625
2023-10-24,171.59133911132812,142.4940948486328,4247.68017578125
2023-10-25,169.27627563476562,143.15951538085938,4186.77001953125
2023-10-26,165.1111297607422,142.39906311035156,4137.22998046875
2023-10-27,166.42694091796875,139.88951110839844,4117.3701171875
2023-10-30,168.47488403320312,141.8857421875,4166.81982421875
2023-10-31,168.9497833251953,142.61769104003906,4193.7998046875
2023-11-01,172.1156768798828,142.2184295654297,4237.85986328125
2023-11-02,175.67726135253906,143.95802307128906,4317.77978515625
2023-11-03,174.76708984375,142.65573120117188,4358.33984375
2023-11-06,177.31959533691406,143.48272705078125,4365.97998046875
2023-11-07,179.8820037841797,143.14999389648438,4378.3798828125
2023-11-08,180.9405975341797,142.5986785888672,4382.77978515625
2023-11-09,180.46568298339844,142.92189025878906,4347.35009765625
2023-11-10,184.65611267089844,143.92953491210938,4415.240234375
2023-11-13,183.0710906982422,144.9276580810547,4411.5498046875
2023-11-14,185.6864013671875,144.60443115234375,4495.7001953125
2023-11-15,186.2510681152344,143.9390106201172,4502.8798828125
2023-11-16,187.9351806640625,145.27935791015625,4508.240234375
2023-11-17,187.91534423828125,143.6063232421875,4514.02001953125
2023-11-20,189.65887451171875,142.84584045410156,4547.3798828125
2023-11-21,188.85646057128903,142.2184295654297,4538.18994140625
2023-11-22,189.5201873779297,143.5587921142578,4556.6201171875
2023-11-24,188.1927032470703,143.9010009765625,4559.33984375
2023-11-27,188.0144195556641,143.76792907714844,4550.43017578125
2023-11-28,188.6186981201172,144.7660369873047,4554.89013671875
2023-11-29,187.5983428955078,143.66336059570312,4550.580078125
2023-11-30,188.17291259765625,145.93524169921875,4567.7998046875
2023-12-01,189.4508514404297,145.1177520751953,4594.6298828125
2023-12-04,187.65774536132807,144.54737854003906,4569.77978515625
2023-12-05,191.6104278564453,139.50921630859375,4567.18017578125
2023-12-06,190.520751953125,139.40467834472656,4549.33984375
2023-12-07,192.45249938964844,139.2620849609375,4585.58984375
2023-12-08,193.8790283203125,137.9788055419922,4604.3701171875
2023-12-11,191.3726806640625,138.61569213867188,4622.43994140625
2023-12-12,192.88839721679688,138.72976684570312,4643.7001953125
2023-12-13,196.10797119140625,141.2393341064453,4707.08984375
2023-12-14,196.25657653808597,137.51300048828125,4719.5498046875
2023-12-15,195.72161865234372,136.84759521484375,4719.18994140625
2023-12-18,194.05734252929688,138.94839477539062,4740.56005859375
2023-12-19,195.0975341796875,138.94839477539062,4768.3701171875
2023-12-20,193.00726318359372,136.800048828125,4698.35009765625
2023-12-21,192.858642578125,137.1327667236328,4746.75
2023-12-22,191.78878784179688,138.1023712158203,4754.6298828125
2023-12-26,191.24392700195312,138.72976684570312,4774.75
2023-12-27,191.3429718017578,138.84381103515625,4781.580078125
2023-12-28,191.7689514160156,138.53013610839844,4783.35009765625
2023-12-29,190.728759765625,139.30010986328125,4769.830078125
